filename,extension,width,height,mode
IS20240522_161237_0892_00000001.bmp,.bmp,795,1100,L
IS20240522_161306_0469_00000002.bmp,.bmp,795,1100,L
IS20240523_182916_0572_0000000B.bmp,.bmp,795,1100,L
IS20240523_182916_0656_0000000C.bmp,.bmp,795,1100,L
IS20240523_195651_0826_0000000D.jpg,.jpg,795,1100,RGB
IS20240524_190705_0283_0000000E.bmp,.bmp,795,1100,L
IS20240524_190705_0384_0000000F.bmp,.bmp,795,1100,L
IS20240525_120704_0397_00000010.jpg,.jpg,795,1100,RGB
IS20240527_122251_0283_00000012.jpg,.jpg,795,1100,RGB
IS20240527_131210_0901_00000014.bmp,.bmp,795,1100,L
IS20240527_131640_0796_00000015.bmp,.bmp,795,1100,L
IS20240527_140103_0017_00000016.bmp,.bmp,795,1100,L
IS20240527_140450_0070_00000017.bmp,.bmp,795,1100,L
IS20240527_141842_0637_00000018.bmp,.bmp,795,1100,L
IS20240530_112537_0912_00000019.bmp,.bmp,795,1100,L
IS20240530_120221_0779_0000001A.bmp,.bmp,795,1100,L
IS20240530_120221_0856_0000001B.bmp,.bmp,795,1100,L
IS20240530_185520_0599_0000001C.bmp,.bmp,795,1100,L
IS20240601_170214_0841_0000001E.bmp,.bmp,795,1100,L
IS20240601_170214_0913_0000001F.bmp,.bmp,795,1100,L
IS20240601_170214_0982_00000020.bmp,.bmp,795,1100,L
IS20240601_170215_0039_00000021.bmp,.bmp,795,1100,L
IS20240601_170215_0096_00000022.bmp,.bmp,795,1100,L
IS20240603_124825_0735_00000023.bmp,.bmp,795,1100,L
IS20240603_130314_0038_00000024.bmp,.bmp,795,1100,L
IS20240604_133519_0220_00000025.jpg,.jpg,795,1100,RGB
IS20240606_203249_0581_00000028.jpg,.jpg,795,1100,RGB
IS20240610_111802_0634_00000029.jpg,.jpg,795,1100,RGB
IS20240610_132922_0026_0000002A.jpg,.jpg,795,1100,RGB
IS20240610_182903_0862_0000002B.bmp,.bmp,795,1100,L
IS20240610_182903_0931_0000002C.bmp,.bmp,795,1100,L
IS20240610_183630_0244_0000002D.bmp,.bmp,795,1100,L
IS20240610_183630_0315_0000002E.bmp,.bmp,795,1100,L
IS20240611_124656_0730_0000002F.bmp,.bmp,795,1100,L
IS20240611_124656_0815_00000030.bmp,.bmp,795,1100,L
IS20240611_132242_0226_00000031.bmp,.bmp,795,1100,L
IS20240611_132329_0288_00000032.bmp,.bmp,795,1100,L
IS20240611_132541_0580_00000033.bmp,.bmp,795,1100,L
IS20240611_132541_0662_00000034.bmp,.bmp,795,1100,L
IS20240611_144201_0127_00000035.bmp,.bmp,795,1100,L
IS20240611_144201_0221_00000036.bmp,.bmp,795,1100,L
IS20240611_144201_0284_00000037.bmp,.bmp,795,1100,L
IS20240611_144201_0352_00000038.bmp,.bmp,795,1100,L
IS20240613_125802_0592_00000044.bmp,.bmp,795,1100,L
IS20240613_130355_0632_00000045.bmp,.bmp,795,1100,L
IS20240613_130355_0699_00000046.bmp,.bmp,795,1100,L
IS20240613_135458_0481_00000047.bmp,.bmp,795,1100,L
IS20240613_135458_0569_00000048.bmp,.bmp,795,1100,L
IS20240613_135458_0639_00000049.bmp,.bmp,795,1100,L
IS20240614_162604_0247_0000004E.bmp,.bmp,795,1100,L
IS20240614_162604_0316_0000004F.bmp,.bmp,795,1100,L
IS20240615_165141_0824_00000051.bmp,.bmp,795,1100,L
IS20240615_165141_0894_00000052.bmp,.bmp,795,1100,L
IS20240617_135139_0846_0000005D.bmp,.bmp,795,1100,L
IS20240617_140911_0126_0000005E.bmp,.bmp,795,1100,L
IS20240617_140911_0219_0000005F.bmp,.bmp,795,1100,L
IS20240617_173538_0346_00000060.bmp,.bmp,795,1100,L
IS20240617_173538_0429_00000061.bmp,.bmp,795,1100,L
IS20240618_123621_0654_00000062.bmp,.bmp,795,1100,L
IS20240618_125704_0488_00000063.bmp,.bmp,795,1100,L
IS20240618_125704_0540_00000064.bmp,.bmp,795,1100,L
IS20240618_125704_0590_00000065.bmp,.bmp,795,1100,L
IS20240618_125704_0636_00000066.bmp,.bmp,795,1100,L
IS20240622_120741_0945_00000068.bmp,.bmp,795,1100,L
IS20240622_120742_0021_00000069.bmp,.bmp,795,1100,L
IS20240622_130221_0942_0000006A.bmp,.bmp,795,1100,L
IS20240622_131103_0117_0000006B.bmp,.bmp,795,1100,L
IS20240622_135136_0343_0000006C.bmp,.bmp,795,1100,L
IS20240624_202556_0037_0000007B.jpg,.jpg,795,1100,RGB
IS20240626_131201_0291_0000007D.bmp,.bmp,795,1100,L
IS20240626_131201_0371_0000007E.bmp,.bmp,795,1100,L
IS20240626_132020_0853_0000007F.bmp,.bmp,795,1100,L
IS20240627_175526_0811_00000081.bmp,.bmp,795,1100,L
IS20240627_185748_0873_00000082.bmp,.bmp,795,1100,L
IS20240627_191801_0487_00000083.bmp,.bmp,795,1100,L
IS20240627_191801_0555_00000084.bmp,.bmp,795,1100,L
IS20240627_191801_0619_00000085.bmp,.bmp,795,1100,L
IS20240627_191801_0688_00000086.bmp,.bmp,795,1100,L
IS20240628_135215_0923_00000089.bmp,.bmp,795,1100,L
IS20240628_135216_0002_0000008A.bmp,.bmp,795,1100,L
IS20240628_140152_0618_0000008B.bmp,.bmp,795,1100,L
IS20240629_185202_0519_0000008C.bmp,.bmp,795,1100,L
IS20240629_185437_0183_0000008D.bmp,.bmp,795,1100,L
IS20240701_182039_0525_00000090.bmp,.bmp,795,1100,L
IS20240702_150056_0689_00000091.bmp,.bmp,795,1100,L
IS20240702_150220_0405_00000092.bmp,.bmp,795,1100,L
IS20240703_114424_0955_00000093.bmp,.bmp,795,1100,L
IS20240703_120439_0182_00000094.bmp,.bmp,795,1100,L
IS20240703_120439_0268_00000095.bmp,.bmp,795,1100,L
IS20240703_120439_0332_00000096.bmp,.bmp,795,1100,L
IS20240703_123149_0686_00000097.bmp,.bmp,795,1100,L
IS20240703_123149_0777_00000098.bmp,.bmp,795,1100,L
IS20240703_123149_0835_00000099.bmp,.bmp,795,1100,L
IS20240703_123604_0129_0000009A.bmp,.bmp,795,1100,L
IS20240703_123604_0208_0000009B.bmp,.bmp,795,1100,L
IS20240703_125132_0689_0000009C.bmp,.bmp,795,1100,L
IS20240703_125132_0771_0000009D.bmp,.bmp,795,1100,L
IS20240703_125551_0650_0000009E.bmp,.bmp,795,1100,L
IS20240704_125714_0331_000000A5.bmp,.bmp,795,1100,L
IS20240704_125714_0388_000000A6.bmp,.bmp,795,1100,L
IS20240704_125714_0446_000000A7.bmp,.bmp,795,1100,L
IS20240704_125714_0500_000000A8.bmp,.bmp,795,1100,L
IS20240705_174610_0124_000000A9.bmp,.bmp,795,1100,L
IS20240705_174610_0233_000000AA.bmp,.bmp,795,1100,L
IS20240705_174610_0304_000000AB.bmp,.bmp,795,1100,L
IS20240705_174648_0357_000000AC.bmp,.bmp,795,1100,L
IS20240705_174743_0082_000000AD.bmp,.bmp,795,1100,L
IS20240705_180910_0709_000000AE.bmp,.bmp,795,1100,L
IS20240706_144304_0614_000000B3.bmp,.bmp,795,1100,L
IS20240706_144304_0697_000000B4.bmp,.bmp,795,1100,L
IS20240706_162701_0910_000000B7.bmp,.bmp,795,1100,L
IS20240706_162701_0988_000000B8.bmp,.bmp,795,1100,L
IS20240706_163722_0852_000000B9.bmp,.bmp,795,1100,L
IS20240706_163722_0926_000000BA.bmp,.bmp,795,1100,L
IS20240708_130706_0681_000000BB.bmp,.bmp,795,1100,L
IS20240708_132456_0058_000000BC.bmp,.bmp,795,1100,L
IS20240708_132456_0132_000000BD.bmp,.bmp,795,1100,L
IS20240708_132456_0194_000000BE.bmp,.bmp,795,1100,L
IS20240708_132456_0251_000000BF.bmp,.bmp,795,1100,L
IS20240708_132456_0320_000000C0.bmp,.bmp,795,1100,L
IS20240708_133850_0293_000000C1.bmp,.bmp,795,1100,L
IS20240708_133850_0360_000000C2.bmp,.bmp,795,1100,L
IS20240708_133850_0420_000000C3.bmp,.bmp,795,1100,L
IS20240708_135051_0224_000000C4.bmp,.bmp,795,1100,L
IS20240708_135051_0296_000000C5.bmp,.bmp,795,1100,L
IS20240708_135051_0347_000000C6.bmp,.bmp,795,1100,L
IS20240708_135051_0419_000000C7.bmp,.bmp,795,1100,L
IS20240708_140232_0861_000000C8.bmp,.bmp,795,1100,L
IS20240708_140232_0933_000000C9.bmp,.bmp,795,1100,L
IS20240710_121341_0663_000000CC.jpg,.jpg,795,1100,RGB
IS20240711_184500_0370_000000CF.bmp,.bmp,795,1100,L
IS20240711_184500_0452_000000D0.bmp,.bmp,795,1100,L
IS20240711_185351_0793_000000D1.bmp,.bmp,795,1100,L
IS20240712_143512_0761_000000D4.jpg,.jpg,795,1100,RGB
IS20240715_115109_0886_000000DA.bmp,.bmp,795,1100,L
IS20240715_115109_0968_000000DB.bmp,.bmp,795,1100,L
IS20240715_115110_0037_000000DC.bmp,.bmp,795,1100,L
IS20240715_115110_0094_000000DD.bmp,.bmp,795,1100,L
IS20240715_115110_0155_000000DE.bmp,.bmp,795,1100,L
IS20240715_121410_0982_000000DF.bmp,.bmp,795,1100,L
IS20240715_121411_0066_000000E0.bmp,.bmp,795,1100,L
IS20240715_121411_0127_000000E1.bmp,.bmp,795,1100,L
IS20240715_121411_0186_000000E2.bmp,.bmp,795,1100,L
IS20240715_121411_0246_000000E3.bmp,.bmp,795,1100,L
IS20240715_121950_0356_000000E4.bmp,.bmp,795,1100,L
IS20240715_132854_0734_000000E5.bmp,.bmp,795,1100,L
IS20240715_134129_0020_000000E6.bmp,.bmp,795,1100,L
IS20240715_134129_0103_000000E7.bmp,.bmp,795,1100,L
IS20240717_121906_0981_000000ED.bmp,.bmp,795,1100,L
IS20240717_124748_0184_000000EE.bmp,.bmp,795,1100,L
IS20240719_135640_0863_000000F0.jpg,.jpg,795,1100,RGB
IS20240719_140506_0993_000000F1.jpg,.jpg,795,1100,RGB
IS20240719_194641_0995_000000F2.bmp,.bmp,795,1100,L
IS20240719_203020_0659_000000F3.jpg,.jpg,795,1100,RGB
IS20240720_115703_0493_000000F4.bmp,.bmp,795,1100,L
IS20240720_115703_0563_000000F5.bmp,.bmp,795,1100,L
IS20240720_120217_0954_000000F6.bmp,.bmp,795,1100,L
IS20240720_120358_0593_000000F7.bmp,.bmp,795,1100,L
IS20240720_120358_0663_000000F8.bmp,.bmp,795,1100,L
IS20240720_181542_0658_000000F9.bmp,.bmp,795,1100,L
IS20240720_183533_0483_000000FA.jpg,.jpg,795,1100,RGB
IS20240720_184611_0336_000000FB.jpg,.jpg,795,1100,RGB
IS20240721_110557_0185_000000FC.bmp,.bmp,795,1100,L
IS20240721_110557_0271_000000FD.bmp,.bmp,795,1100,L
IS20240721_110757_0508_000000FE.bmp,.bmp,795,1100,L
IS20240721_110757_0592_000000FF.bmp,.bmp,795,1100,L
IS20240721_134342_0381_00000100.bmp,.bmp,795,1100,L
IS20240722_135334_0198_00000103.bmp,.bmp,795,1100,L
IS20240722_135334_0270_00000104.bmp,.bmp,795,1100,L
IS20240723_190933_0404_0000010B.bmp,.bmp,795,1100,L
IS20240726_124045_0544_0000010C.bmp,.bmp,795,1100,L
IS20240727_134723_0726_0000010D.jpg,.jpg,795,1100,RGB
IS20240727_153413_0216_0000010E.bmp,.bmp,795,1100,L
IS20240728_132443_0882_0000010F.bmp,.bmp,795,1100,L
IS20240728_134514_0972_00000110.bmp,.bmp,795,1100,L
IS20240728_134515_0040_00000111.bmp,.bmp,795,1100,L
IS20240728_134515_0101_00000112.bmp,.bmp,795,1100,L
IS20240728_134515_0169_00000113.bmp,.bmp,795,1100,L
IS20240728_135215_0929_00000114.bmp,.bmp,795,1100,L
IS20240728_140237_0113_00000115.bmp,.bmp,795,1100,L
IS20240729_121542_0791_00000116.bmp,.bmp,795,1100,L
IS20240729_122219_0531_00000117.bmp,.bmp,795,1100,L
IS20240729_122219_0599_00000118.bmp,.bmp,795,1100,L
IS20240729_122806_0320_00000119.bmp,.bmp,795,1100,L
IS20240729_125721_0819_0000011A.bmp,.bmp,795,1100,L
IS20240729_125721_0918_0000011B.bmp,.bmp,795,1100,L
IS20240730_173418_0666_00000120.bmp,.bmp,795,1100,L
IS20240730_173418_0746_00000121.bmp,.bmp,795,1100,L
IS20240731_123316_0200_00000122.bmp,.bmp,795,1100,L
IS20240731_123316_0276_00000123.bmp,.bmp,795,1100,L
IS20240731_123316_0328_00000124.bmp,.bmp,795,1100,L
IS20240731_160629_0032_00000126.bmp,.bmp,795,1100,L
IS20240731_161305_0629_00000127.bmp,.bmp,795,1100,L
IS20240731_161305_0700_00000128.bmp,.bmp,795,1100,L
IS20240731_162130_0570_00000129.bmp,.bmp,795,1100,L
IS20240731_162631_0321_0000012A.bmp,.bmp,795,1100,L
IS20240731_162706_0513_0000012B.bmp,.bmp,795,1100,L
IS20240731_162813_0898_0000012C.bmp,.bmp,795,1100,L
IS20240802_130818_0009_00000131.bmp,.bmp,795,1100,L
IS20240802_130818_0083_00000132.bmp,.bmp,795,1100,L
IS20240803_194213_0588_00000134.bmp,.bmp,795,1100,L
IS20240803_194546_0614_00000135.bmp,.bmp,795,1100,L
IS20240803_194546_0698_00000136.bmp,.bmp,795,1100,L
IS20240803_194546_0755_00000137.bmp,.bmp,795,1100,L
IS20240804_151210_0916_0000013C.bmp,.bmp,795,1100,L
IS20240804_152709_0616_0000013D.bmp,.bmp,795,1100,L
IS20240809_140336_0196_00000143.bmp,.bmp,795,1100,L
IS20240809_141232_0370_00000144.bmp,.bmp,795,1100,L
IS20240809_181904_0950_00000145.bmp,.bmp,795,1100,L
IS20240809_184855_0861_00000146.bmp,.bmp,795,1100,L
IS20240810_140941_0619_00000147.bmp,.bmp,795,1100,L
IS20240810_151333_0119_00000148.bmp,.bmp,795,1100,L
IS20240810_151333_0202_00000149.bmp,.bmp,795,1100,L
IS20240810_151333_0275_0000014A.bmp,.bmp,795,1100,L
IS20240810_151333_0346_0000014B.bmp,.bmp,795,1100,L
IS20240810_151333_0408_0000014C.bmp,.bmp,795,1100,L
IS20240810_155040_0929_0000014E.bmp,.bmp,795,1100,L
IS20240810_161028_0560_0000014F.bmp,.bmp,795,1100,L
IS20240810_163349_0956_00000150.bmp,.bmp,795,1100,L
IS20240810_163350_0045_00000151.bmp,.bmp,795,1100,L
IS20240810_164050_0125_00000152.bmp,.bmp,795,1100,L
IS20240810_165042_0844_00000153.bmp,.bmp,795,1100,L
IS20240810_165042_0926_00000154.bmp,.bmp,795,1100,L
IS20240810_165043_0003_00000155.bmp,.bmp,795,1100,L
IS20240810_170707_0862_00000156.bmp,.bmp,795,1100,L
IS20240810_170707_0939_00000157.bmp,.bmp,795,1100,L
IS20240810_170707_0988_00000158.bmp,.bmp,795,1100,L
IS20240810_170708_0056_00000159.bmp,.bmp,795,1100,L
IS20240810_170708_0114_0000015A.bmp,.bmp,795,1100,L
IS20240810_170708_0172_0000015B.bmp,.bmp,795,1100,L
IS20240810_170708_0234_0000015C.bmp,.bmp,795,1100,L
IS20240812_135244_0092_0000015D.bmp,.bmp,795,1100,L
IS20240813_104452_0286_0000015E.bmp,.bmp,795,1100,L
IS20240814_125923_0846_0000015F.bmp,.bmp,795,1100,L
IS20240814_125923_0919_00000160.bmp,.bmp,795,1100,L
IS20240814_133724_0452_00000161.bmp,.bmp,795,1100,L
IS20240814_133724_0528_00000162.bmp,.bmp,795,1100,L
IS20240814_133724_0587_00000163.bmp,.bmp,795,1100,L
IS20240814_134613_0698_00000164.bmp,.bmp,795,1100,L
IS20240814_134613_0779_00000165.bmp,.bmp,795,1100,L
IS20240815_110247_0267_00000166.bmp,.bmp,795,1100,L
IS20240815_110914_0033_00000167.bmp,.bmp,795,1100,L
IS20240815_110914_0112_00000168.bmp,.bmp,795,1100,L
IS20240815_120940_0665_00000169.bmp,.bmp,795,1100,L
IS20240815_121552_0160_0000016A.bmp,.bmp,795,1100,L
IS20240815_151708_0482_0000016B.bmp,.bmp,795,1100,L
IS20240815_151708_0555_0000016C.bmp,.bmp,795,1100,L
IS20240815_151708_0613_0000016D.bmp,.bmp,795,1100,L
IS20240816_180230_0750_0000016E.bmp,.bmp,795,1100,L
IS20240820_114239_0558_0000016F.jpg,.jpg,795,1100,RGB
IS20240821_124731_0210_00000174.bmp,.bmp,795,1100,L
IS20240821_124731_0301_00000175.bmp,.bmp,795,1100,L
IS20240821_134144_0291_00000176.bmp,.bmp,795,1100,L
IS20240821_134144_0361_00000177.bmp,.bmp,795,1100,L
IS20240821_135049_0807_00000178.bmp,.bmp,795,1100,L
IS20240826_124419_0254_00000180.bmp,.bmp,795,1100,L
IS20240826_125410_0525_00000181.bmp,.bmp,795,1100,L
IS20240827_115555_0584_00000182.jpg,.jpg,795,1100,RGB
IS20240827_181623_0158_00000183.bmp,.bmp,795,1100,L
IS20240827_182725_0972_00000184.bmp,.bmp,795,1100,L
IS20240827_182726_0049_00000185.bmp,.bmp,795,1100,L
IS20240828_122044_0330_00000186.bmp,.bmp,795,1100,L
IS20240828_122044_0410_00000187.bmp,.bmp,795,1100,L
IS20240829_171621_0275_00000189.bmp,.bmp,795,1100,L
IS20240829_171621_0368_0000018A.bmp,.bmp,795,1100,L
IS20240829_172842_0376_0000018B.bmp,.bmp,795,1100,L
IS20240829_172842_0443_0000018C.bmp,.bmp,795,1100,L
IS20240830_131505_0671_0000018D.jpg,.jpg,795,1100,RGB
IS20240831_125934_0661_0000018E.jpg,.jpg,795,1100,RGB
IS20240831_143629_0510_0000018F.bmp,.bmp,795,1100,L
IS20240831_143629_0595_00000190.bmp,.bmp,795,1100,L
IS20240831_183504_0531_00000192.bmp,.bmp,795,1100,L
IS20240902_141823_0966_00000193.bmp,.bmp,795,1100,L
IS20240902_141824_0046_00000194.bmp,.bmp,795,1100,L
IS20240902_143259_0739_00000195.bmp,.bmp,795,1100,L
IS20240904_115403_0050_00000199.bmp,.bmp,795,1100,L
IS20240904_115403_0132_0000019A.bmp,.bmp,795,1100,L
IS20240904_115403_0194_0000019B.bmp,.bmp,795,1100,L
IS20240904_123503_0052_0000019C.bmp,.bmp,795,1100,L
IS20240904_193235_0004_0000019D.jpg,.jpg,795,1100,RGB
IS20240905_144708_0902_0000019E.bmp,.bmp,795,1100,L
IS20240905_144708_0993_0000019F.bmp,.bmp,795,1100,L
IS20240905_144709_0054_000001A0.bmp,.bmp,795,1100,L
IS20240905_144709_0113_000001A1.bmp,.bmp,795,1100,L
IS20240907_135334_0692_000001A3.bmp,.bmp,795,1100,L
IS20240907_135334_0762_000001A4.bmp,.bmp,795,1100,L
IS20240907_135956_0701_000001A5.bmp,.bmp,795,1100,L
IS20240907_143206_0623_000001A6.bmp,.bmp,795,1100,L
IS20240907_143206_0697_000001A7.bmp,.bmp,795,1100,L
IS20240910_135412_0346_000001B4.bmp,.bmp,795,1100,L
IS20240910_140418_0021_000001B5.bmp,.bmp,795,1100,L
IS20240910_140418_0107_000001B6.bmp,.bmp,795,1100,L
IS20240910_140418_0168_000001B7.bmp,.bmp,795,1100,L
IS20240910_140418_0229_000001B8.bmp,.bmp,795,1100,L
IS20240910_140418_0291_000001B9.bmp,.bmp,795,1100,L
IS20240910_140418_0363_000001BA.bmp,.bmp,795,1100,L
IS20240910_140418_0431_000001BB.bmp,.bmp,795,1100,L
IS20240910_140418_0494_000001BC.bmp,.bmp,795,1100,L
IS20240910_140418_0566_000001BD.bmp,.bmp,795,1100,L
IS20240910_140418_0629_000001BE.bmp,.bmp,795,1100,L
IS20240910_140418_0691_000001BF.bmp,.bmp,795,1100,L
IS20240910_140418_0766_000001C0.bmp,.bmp,795,1100,L
IS20240910_141905_0535_000001C1.bmp,.bmp,795,1100,L
IS20240910_141905_0624_000001C2.bmp,.bmp,795,1100,L
IS20240910_141905_0720_000001C3.bmp,.bmp,795,1100,L
IS20240914_122653_0869_000001C4.bmp,.bmp,795,1100,L
IS20240914_122820_0573_000001C5.bmp,.bmp,795,1100,L
IS20240914_135934_0335_000001C6.jpg,.jpg,795,1100,RGB
IS20240916_130249_0228_000001C8.bmp,.bmp,795,1100,L
IS20240916_130249_0314_000001C9.bmp,.bmp,795,1100,L
IS20240916_130249_0379_000001CA.bmp,.bmp,795,1100,L
IS20240916_130249_0448_000001CB.bmp,.bmp,795,1100,L
IS20240919_112339_0937_000001CF.bmp,.bmp,795,1100,L
IS20240919_182123_0130_000001D0.bmp,.bmp,795,1100,L
IS20240919_182123_0202_000001D1.bmp,.bmp,795,1100,L
IS20240919_190949_0767_000001D2.bmp,.bmp,795,1100,L
IS20240919_190949_0848_000001D3.bmp,.bmp,795,1100,L
IS20240921_122226_0216_000001D6.bmp,.bmp,795,1100,L
IS20240921_122226_0312_000001D7.bmp,.bmp,795,1100,L
IS20240921_123804_0017_000001D8.bmp,.bmp,795,1100,L
IS20240921_135300_0094_000001DB.bmp,.bmp,795,1100,L
IS20240921_135300_0182_000001DC.bmp,.bmp,795,1100,L
IS20240921_135300_0248_000001DD.bmp,.bmp,795,1100,L
IS20240921_135300_0305_000001DE.bmp,.bmp,795,1100,L
IS20240921_135300_0365_000001DF.bmp,.bmp,795,1100,L
IS20240921_161534_0082_000001E0.bmp,.bmp,795,1100,L
IS20240921_161534_0158_000001E1.bmp,.bmp,795,1100,L
IS20240921_161534_0208_000001E2.bmp,.bmp,795,1100,L
IS20240921_161534_0262_000001E3.bmp,.bmp,795,1100,L
IS20240923_125143_0335_000001E4.bmp,.bmp,795,1100,L
IS20240923_125321_0986_000001E5.bmp,.bmp,795,1100,L
IS20240923_125322_0084_000001E6.bmp,.bmp,795,1100,L
IS20240923_192126_0428_000001E7.bmp,.bmp,795,1100,L
IS20240924_112922_0131_000001E8.bmp,.bmp,795,1100,L
IS20240924_121442_0208_000001E9.jpg,.jpg,795,1100,RGB
IS20240924_140501_0982_000001EA.bmp,.bmp,795,1100,L
IS20240924_140502_0059_000001EB.bmp,.bmp,795,1100,L
IS20240924_172217_0724_000001F0.jpg,.jpg,795,1100,RGB
IS20240924_185958_0709_000001F1.bmp,.bmp,795,1100,L
IS20240924_185958_0773_000001F2.bmp,.bmp,795,1100,L
IS20240925_114511_0140_000001F3.jpg,.jpg,795,1100,RGB
IS20240927_150701_0039_000001F8.bmp,.bmp,795,1100,L
IS20240927_154330_0394_000001F9.bmp,.bmp,795,1100,L
IS20240927_160709_0855_000001FA.bmp,.bmp,795,1100,L
IS20240927_160709_0939_000001FB.bmp,.bmp,795,1100,L
IS20240927_160710_0002_000001FC.bmp,.bmp,795,1100,L
IS20240927_160710_0068_000001FD.bmp,.bmp,795,1100,L
IS20240927_160710_0133_000001FE.bmp,.bmp,795,1100,L
IS20240927_160710_0199_000001FF.bmp,.bmp,795,1100,L
IS20240928_145951_0418_00000203.bmp,.bmp,795,1100,L
IS20240928_145951_0505_00000204.bmp,.bmp,795,1100,L
IS20240928_150552_0970_00000205.bmp,.bmp,795,1100,L
IS20240928_150553_0048_00000206.bmp,.bmp,795,1100,L
IS20240928_151210_0767_00000207.bmp,.bmp,795,1100,L
IS20240928_151210_0849_00000208.bmp,.bmp,795,1100,L
IS20240928_151210_0911_00000209.bmp,.bmp,795,1100,L
IS20240928_151210_0978_0000020A.bmp,.bmp,795,1100,L
IS20240928_161958_0727_0000020B.bmp,.bmp,795,1100,L
IS20240928_175250_0638_0000020C.bmp,.bmp,795,1100,L
IS20240928_175250_0740_0000020D.bmp,.bmp,795,1100,L
IS20241002_105243_0018_00000215.bmp,.bmp,795,1100,L
IS20241002_110446_0044_00000216.bmp,.bmp,795,1100,L
IS20241002_110446_0139_00000217.bmp,.bmp,795,1100,L
IS20241002_110446_0192_00000218.bmp,.bmp,795,1100,L
IS20241002_110446_0259_00000219.bmp,.bmp,795,1100,L
IS20241002_110446_0330_0000021A.bmp,.bmp,795,1100,L
IS20241002_110446_0385_0000021B.bmp,.bmp,795,1100,L
IS20241002_110446_0443_0000021C.bmp,.bmp,795,1100,L
IS20241002_115457_0487_0000021D.bmp,.bmp,795,1100,L
IS20241002_115457_0564_0000021E.bmp,.bmp,795,1100,L
IS20241002_124600_0827_0000021F.jpg,.jpg,795,1100,RGB
IS20241002_151514_0650_00000220.bmp,.bmp,795,1100,L
IS20241002_151514_0744_00000221.bmp,.bmp,795,1100,L
IS20241002_151514_0815_00000222.bmp,.bmp,795,1100,L
IS20241002_160444_0503_00000223.bmp,.bmp,795,1100,L
IS20241004_121908_0355_00000229.bmp,.bmp,795,1100,L
IS20241004_145242_0353_0000022A.bmp,.bmp,795,1100,L
IS20241004_192819_0415_0000022B.jpg,.jpg,795,1100,RGB
IS20241010_130304_0800_0000022C.bmp,.bmp,795,1100,L
IS20241010_130304_0887_0000022D.bmp,.bmp,795,1100,L
IS20241010_160623_0897_0000022E.bmp,.bmp,795,1100,L
IS20241010_160623_0983_0000022F.bmp,.bmp,795,1100,L
IS20241017_110820_0854_00000232.bmp,.bmp,795,1100,L
IS20241017_111117_0353_00000233.bmp,.bmp,795,1100,L
IS20241017_132028_0034_00000236.bmp,.bmp,795,1100,L
IS20241017_133445_0675_00000237.bmp,.bmp,795,1100,L
IS20241017_133445_0742_00000238.bmp,.bmp,795,1100,L
IS20241017_133445_0810_00000239.bmp,.bmp,795,1100,L
IS20241017_135536_0901_0000023A.bmp,.bmp,795,1100,L
IS20241017_141004_0989_0000023B.bmp,.bmp,795,1100,L
IS20241017_141005_0065_0000023C.bmp,.bmp,795,1100,L
IS20241017_141005_0125_0000023D.bmp,.bmp,795,1100,L
IS20241017_141840_0487_0000023E.bmp,.bmp,795,1100,L
IS20241017_141840_0572_0000023F.bmp,.bmp,795,1100,L
IS20241019_122801_0156_00000240.jpg,.jpg,795,1100,RGB
IS20241020_135106_0751_00000243.bmp,.bmp,795,1100,L
IS20241020_135824_0657_00000244.bmp,.bmp,795,1100,L
IS20241020_135824_0739_00000245.bmp,.bmp,795,1100,L
IS20241020_135824_0801_00000246.bmp,.bmp,795,1100,L
IS20241023_104444_0993_00000247.bmp,.bmp,795,1100,L
IS20241023_104445_0076_00000248.bmp,.bmp,795,1100,L
IS20241023_104445_0142_00000249.bmp,.bmp,795,1100,L
IS20241023_131849_0939_0000024B.bmp,.bmp,795,1100,L
IS20241023_160935_0694_0000024C.bmp,.bmp,795,1100,L
IS20241023_162354_0236_0000024D.bmp,.bmp,795,1100,L
IS20241025_115927_0351_00000250.bmp,.bmp,795,1100,L
IS20241025_120351_0836_00000251.bmp,.bmp,795,1100,L
IS20241025_120503_0183_00000252.bmp,.bmp,795,1100,L
IS20241025_144301_0085_00000253.bmp,.bmp,795,1100,L
IS20241025_182248_0778_00000254.bmp,.bmp,795,1100,L
IS20241025_182453_0151_00000255.bmp,.bmp,795,1100,L
IS20241025_182453_0234_00000256.bmp,.bmp,795,1100,L
IS20241026_111809_0690_00000257.bmp,.bmp,795,1100,L
IS20241026_115201_0691_00000258.bmp,.bmp,795,1100,L
IS20241026_115201_0759_00000259.bmp,.bmp,795,1100,L
IS20241026_115201_0809_0000025A.bmp,.bmp,795,1100,L
IS20241026_144514_0041_0000025B.bmp,.bmp,795,1100,L
IS20241026_144514_0120_0000025C.bmp,.bmp,795,1100,L
IS20241026_144514_0178_0000025D.bmp,.bmp,795,1100,L
IS20241026_144514_0245_0000025E.bmp,.bmp,795,1100,L
IS20241026_144514_0302_0000025F.bmp,.bmp,795,1100,L
IS20241026_145748_0640_00000260.bmp,.bmp,795,1100,L
IS20241026_145748_0721_00000261.bmp,.bmp,795,1100,L
IS20241026_150721_0217_00000262.jpg,.jpg,795,1100,RGB
IS20241026_154532_0937_00000263.bmp,.bmp,795,1100,L
IS20241026_155353_0997_00000264.bmp,.bmp,795,1100,L
IS20241026_155354_0084_00000265.bmp,.bmp,795,1100,L
IS20241026_155354_0143_00000266.bmp,.bmp,795,1100,L
IS20241026_155354_0205_00000267.bmp,.bmp,795,1100,L
IS20241026_155354_0279_00000268.bmp,.bmp,795,1100,L
IS20241028_114319_0062_0000026A.jpg,.jpg,795,1100,RGB
IS20241028_124009_0687_0000026B.bmp,.bmp,795,1100,L
IS20241028_124009_0752_0000026C.bmp,.bmp,795,1100,L
IS20241028_190840_0922_0000026D.bmp,.bmp,795,1100,L
IS20241028_190841_0002_0000026E.bmp,.bmp,795,1100,L
IS20241028_190841_0048_0000026F.bmp,.bmp,795,1100,L
IS20241028_191451_0887_00000270.bmp,.bmp,795,1100,L
IS20241028_192108_0033_00000271.bmp,.bmp,795,1100,L
IS20241028_192755_0739_00000272.bmp,.bmp,795,1100,L
IS20241029_130336_0558_00000273.bmp,.bmp,795,1100,L
IS20241029_145155_0717_00000274.bmp,.bmp,795,1100,L
IS20241029_145155_0840_00000275.bmp,.bmp,795,1100,L
IS20241030_133553_0400_00000276.bmp,.bmp,795,1100,L
IS20241031_110455_0320_00000277.bmp,.bmp,795,1100,L
IS20241031_110455_0409_00000278.bmp,.bmp,795,1100,L
IS20241031_110455_0463_00000279.bmp,.bmp,795,1100,L
IS20241031_123243_0916_0000027A.bmp,.bmp,795,1100,L
IS20241031_123243_0987_0000027B.bmp,.bmp,795,1100,L
IS20241031_123244_0036_0000027C.bmp,.bmp,795,1100,L
IS20241031_144358_0965_0000027D.jpg,.jpg,795,1100,RGB
IS20241105_124447_0906_0000027E.bmp,.bmp,795,1100,L
IS20241105_124447_0990_0000027F.bmp,.bmp,795,1100,L
IS20241105_124448_0037_00000280.bmp,.bmp,795,1100,L
IS20241105_124448_0097_00000281.bmp,.bmp,795,1100,L
IS20241105_125029_0463_00000282.bmp,.bmp,795,1100,L
IS20241105_125029_0548_00000283.bmp,.bmp,795,1100,L
IS20241106_144424_0590_00000284.bmp,.bmp,795,1100,L
IS20241106_145723_0137_00000285.bmp,.bmp,795,1100,L
IS20241106_145723_0249_00000286.bmp,.bmp,795,1100,L
IS20241106_145723_0318_00000287.bmp,.bmp,795,1100,L
IS20241106_145723_0385_00000288.bmp,.bmp,795,1100,L
IS20241106_145723_0449_00000289.bmp,.bmp,795,1100,L
IS20241106_145723_0523_0000028A.bmp,.bmp,795,1100,L
IS20241106_182611_0338_0000028B.bmp,.bmp,795,1100,L
IS20241106_182611_0441_0000028C.bmp,.bmp,795,1100,L
IS20241106_191059_0978_0000028D.bmp,.bmp,795,1100,L
IS20241108_172844_0062_00000290.bmp,.bmp,795,1100,L
IS20241108_180916_0963_00000291.bmp,.bmp,795,1100,L
IS20241112_124237_0547_00000293.bmp,.bmp,795,1100,L
IS20241112_124237_0641_00000294.bmp,.bmp,795,1100,L
IS20241112_124237_0705_00000295.bmp,.bmp,795,1100,L
IS20241112_124237_0762_00000296.bmp,.bmp,795,1100,L
IS20241112_174520_0463_00000297.bmp,.bmp,795,1100,L
IS20241112_175027_0351_00000298.bmp,.bmp,795,1100,L
IS20241112_183947_0285_00000299.bmp,.bmp,795,1100,L
IS20241112_190052_0180_0000029A.bmp,.bmp,795,1100,L
IS20241115_160213_0666_000002A0.bmp,.bmp,795,1100,L
IS20241115_160213_0758_000002A1.bmp,.bmp,795,1100,L
IS20241115_162004_0358_000002A2.bmp,.bmp,795,1100,L
IS20241115_162601_0680_000002A3.bmp,.bmp,795,1100,L
IS20241116_163520_0415_000002A4.bmp,.bmp,795,1100,L
IS20241116_185235_0737_000002A6.bmp,.bmp,795,1100,L
IS20241118_114927_0429_000002A9.jpg,.jpg,795,1100,RGB
IS20241118_121357_0096_000002AA.jpg,.jpg,795,1100,RGB
IS20241118_143428_0464_000002AB.jpg,.jpg,795,1100,RGB
IS20241118_153411_0135_000002AC.bmp,.bmp,795,1100,L
IS20241118_153411_0234_000002AD.bmp,.bmp,795,1100,L
IS20241118_153411_0307_000002AE.bmp,.bmp,795,1100,L
IS20241118_161808_0535_000002AF.bmp,.bmp,795,1100,L
IS20241119_181216_0402_000002B0.bmp,.bmp,795,1100,L
IS20241120_193135_0384_000002B1.bmp,.bmp,795,1100,L
IS20241120_193135_0475_000002B2.bmp,.bmp,795,1100,L
IS20241120_193135_0543_000002B3.bmp,.bmp,795,1100,L
IS20241120_193135_0612_000002B4.bmp,.bmp,795,1100,L
IS20241122_134725_0568_000002BC.jpg,.jpg,795,1100,RGB
IS20241123_112439_0836_000002BD.bmp,.bmp,795,1100,L
IS20241123_112439_0925_000002BE.bmp,.bmp,795,1100,L
IS20241125_120835_0645_000002C1.bmp,.bmp,795,1100,L
IS20241125_120835_0749_000002C2.bmp,.bmp,795,1100,L
IS20241125_135052_0882_000002C3.bmp,.bmp,795,1100,L
IS20241125_135052_0969_000002C4.bmp,.bmp,795,1100,L
IS20241125_141950_0714_000002C5.bmp,.bmp,795,1100,L
IS20241125_165711_0206_000002C6.bmp,.bmp,795,1100,L
IS20241127_182017_0009_000002C7.bmp,.bmp,795,1100,L
IS20241127_182017_0096_000002C8.bmp,.bmp,795,1100,L
IS20241128_184905_0999_000002CA.jpg,.jpg,795,1100,RGB
IS20241202_180311_0218_000002CB.bmp,.bmp,795,1100,L
IS20241202_180311_0294_000002CC.bmp,.bmp,795,1100,L
IS20241204_141118_0368_000002D0.jpg,.jpg,795,1100,RGB
IS20241209_134611_0727_000002D8.bmp,.bmp,795,1100,L
IS20241209_134611_0803_000002D9.bmp,.bmp,795,1100,L
IS20241209_134611_0866_000002DA.bmp,.bmp,795,1100,L
IS20241209_134611_0926_000002DB.bmp,.bmp,795,1100,L
IS20241209_134611_0986_000002DC.bmp,.bmp,795,1100,L
IS20241210_132616_0916_000002E6.bmp,.bmp,795,1100,L
IS20241210_132617_0014_000002E7.bmp,.bmp,795,1100,L
IS20241211_113017_0248_000002E8.bmp,.bmp,795,1100,L
IS20241212_203332_0919_000002E9.bmp,.bmp,795,1100,L
IS20241213_150231_0833_000002EA.bmp,.bmp,795,1100,L
IS20241213_150858_0595_000002EB.bmp,.bmp,795,1100,L
IS20241214_105932_0224_000002EC.bmp,.bmp,795,1100,L
IS20241214_105932_0294_000002ED.bmp,.bmp,795,1100,L
IS20241214_191419_0936_000002F3.jpg,.jpg,795,1100,RGB
IS20241215_123322_0058_000002F4.bmp,.bmp,795,1100,L
IS20241215_123848_0360_000002F5.bmp,.bmp,795,1100,L
IS20241215_131729_0114_000002F6.bmp,.bmp,795,1100,L
IS20241215_131729_0185_000002F7.bmp,.bmp,795,1100,L
IS20241215_131729_0240_000002F8.bmp,.bmp,795,1100,L
IS20241215_152759_0793_000002F9.bmp,.bmp,795,1100,L
IS20241215_152759_0878_000002FA.bmp,.bmp,795,1100,L
IS20241215_152759_0943_000002FB.bmp,.bmp,795,1100,L
IS20241215_152800_0001_000002FC.bmp,.bmp,795,1100,L
IS20241215_154330_0452_000002FE.bmp,.bmp,795,1100,L
IS20241215_154330_0519_000002FF.bmp,.bmp,795,1100,L
IS20241216_182225_0847_00000300.bmp,.bmp,795,1100,L
IS20241216_182225_0976_00000301.bmp,.bmp,795,1100,L
IS20241216_183419_0778_00000302.bmp,.bmp,795,1100,L
IS20241216_185045_0696_00000303.bmp,.bmp,795,1100,L
IS20241216_185045_0781_00000304.bmp,.bmp,795,1100,L
IS20241216_185045_0844_00000305.bmp,.bmp,795,1100,L
IS20241216_185045_0901_00000306.bmp,.bmp,795,1100,L
IS20241216_185045_0961_00000307.bmp,.bmp,795,1100,L
IS20241216_185912_0347_00000308.bmp,.bmp,795,1100,L
IS20241216_191842_0084_00000309.bmp,.bmp,795,1100,L
IS20241216_191842_0174_0000030A.bmp,.bmp,795,1100,L
IS20241216_192943_0239_0000030B.bmp,.bmp,795,1100,L
IS20241216_200300_0199_0000030C.bmp,.bmp,795,1100,L
IS20241218_151331_0843_0000030E.bmp,.bmp,795,1100,L
IS20241218_151331_0932_0000030F.bmp,.bmp,795,1100,L
IS20241218_152321_0629_00000310.bmp,.bmp,795,1100,L
IS20241218_152925_0432_00000311.bmp,.bmp,795,1100,L
IS20241218_155527_0944_00000312.bmp,.bmp,795,1100,L
IS20241218_163700_0072_00000313.bmp,.bmp,795,1100,L
IS20241218_163700_0161_00000314.bmp,.bmp,795,1100,L
IS20241218_165105_0752_00000315.bmp,.bmp,795,1100,L
IS20241218_165806_0845_00000316.bmp,.bmp,795,1100,L
IS20241218_165806_0930_00000317.bmp,.bmp,795,1100,L
IS20241219_150703_0842_00000318.bmp,.bmp,795,1100,L
IS20241219_162808_0674_0000031A.jpg,.jpg,795,1100,RGB
IS20241219_182719_0747_0000031B.bmp,.bmp,795,1100,L
IS20241219_185554_0419_0000031C.bmp,.bmp,795,1100,L
IS20241219_185554_0500_0000031D.bmp,.bmp,795,1100,L
IS20241219_185858_0666_0000031E.bmp,.bmp,795,1100,L
IS20241219_190521_0178_0000031F.bmp,.bmp,795,1100,L
IS20241219_190521_0258_00000320.bmp,.bmp,795,1100,L
IS20241219_191202_0110_00000321.bmp,.bmp,795,1100,L
IS20241219_191202_0180_00000322.bmp,.bmp,795,1100,L
IS20241220_132656_0315_00000323.bmp,.bmp,795,1100,L
IS20241220_132656_0403_00000324.bmp,.bmp,795,1100,L
IS20241220_182811_0582_00000325.bmp,.bmp,795,1100,L
IS20241220_183901_0412_00000326.bmp,.bmp,795,1100,L
IS20241220_183901_0502_00000327.bmp,.bmp,795,1100,L
IS20241223_123719_0322_0000032B.bmp,.bmp,795,1100,L
IS20241223_123719_0403_0000032C.bmp,.bmp,795,1100,L
IS20250109_184743_0299_00000003.bmp,.bmp,795,1100,L
IS20250109_184743_0376_00000004.bmp,.bmp,795,1100,L
IS20250109_184843_0762_00000005.bmp,.bmp,795,1100,L
IS20250110_151409_0162_00000006.bmp,.bmp,795,1100,L
IS20250110_151409_0228_00000007.bmp,.bmp,795,1100,L
IS20250110_152604_0788_00000008.bmp,.bmp,795,1100,L
IS20250110_152604_0871_00000009.bmp,.bmp,795,1100,L
IS20250110_152917_0559_0000000A.bmp,.bmp,795,1100,L
IS20250110_152917_0656_0000000B.bmp,.bmp,795,1100,L
IS20250110_160935_0149_0000000C.bmp,.bmp,795,1100,L
IS20250110_160935_0251_0000000D.bmp,.bmp,795,1100,L
IS20250110_161919_0791_0000000E.bmp,.bmp,795,1100,L
IS20250110_161919_0875_0000000F.bmp,.bmp,795,1100,L
IS20250110_161919_0929_00000010.bmp,.bmp,795,1100,L
IS20250110_163652_0888_00000011.bmp,.bmp,795,1100,L
IS20250110_163652_0961_00000012.bmp,.bmp,795,1100,L
IS20250110_163653_0013_00000013.bmp,.bmp,795,1100,L
IS20250110_163653_0072_00000014.bmp,.bmp,795,1100,L
IS20250113_160055_0236_00000016.bmp,.bmp,795,1100,L
IS20250113_160055_0326_00000017.bmp,.bmp,795,1100,L
IS20250113_160055_0381_00000018.bmp,.bmp,795,1100,L
IS20250113_170542_0801_00000019.bmp,.bmp,795,1100,L
IS20250113_170542_0900_0000001A.bmp,.bmp,795,1100,L
IS20250114_114045_0873_0000001D.bmp,.bmp,795,1100,L
IS20250114_114045_0949_0000001E.bmp,.bmp,795,1100,L
IS20250117_144330_0641_00000021.bmp,.bmp,795,1100,L
IS20250117_144952_0434_00000022.bmp,.bmp,795,1100,L
IS20250117_144952_0506_00000023.bmp,.bmp,795,1100,L
IS20250117_192223_0902_00000025.bmp,.bmp,795,1100,L
IS20250117_192224_0002_00000026.bmp,.bmp,795,1100,L
IS20250117_192224_0072_00000027.bmp,.bmp,795,1100,L
IS20250117_192224_0131_00000028.bmp,.bmp,795,1100,L
IS20250117_192224_0206_00000029.bmp,.bmp,795,1100,L
IS20250117_195532_0868_0000002A.bmp,.bmp,795,1100,L
IS20250120_115954_0529_0000002D.bmp,.bmp,795,1100,L
IS20250120_134520_0015_0000002E.bmp,.bmp,795,1100,L
IS20250120_183526_0653_0000002F.bmp,.bmp,795,1100,L
IS20250122_175420_0491_00000033.bmp,.bmp,795,1100,L
IS20250122_175420_0567_00000034.bmp,.bmp,795,1100,L
IS20250122_192501_0983_00000035.bmp,.bmp,795,1100,L
IS20250122_192502_0054_00000036.bmp,.bmp,795,1100,L
IS20250122_194119_0213_00000037.bmp,.bmp,795,1100,L
IS20250123_110549_0820_00000038.bmp,.bmp,795,1100,L
IS20250123_112354_0875_00000039.bmp,.bmp,795,1100,L
IS20250123_113017_0097_0000003A.bmp,.bmp,795,1100,L
IS20250123_113017_0195_0000003B.bmp,.bmp,795,1100,L
IS20250123_113017_0262_0000003C.bmp,.bmp,795,1100,L
IS20250123_113017_0327_0000003D.bmp,.bmp,795,1100,L
IS20250123_122010_0986_0000003E.bmp,.bmp,795,1100,L
IS20250123_122011_0074_0000003F.bmp,.bmp,795,1100,L
IS20250123_125155_0740_00000040.bmp,.bmp,795,1100,L
IS20250125_124218_0856_00000042.bmp,.bmp,795,1100,L
IS20250125_124218_0935_00000043.bmp,.bmp,795,1100,L
IS20250125_124218_0999_00000044.bmp,.bmp,795,1100,L
IS20250125_185137_0446_00000048.bmp,.bmp,795,1100,L
IS20250127_133608_0033_00000049.bmp,.bmp,795,1100,L
IS20250128_195920_0568_00000056.bmp,.bmp,795,1100,L
IS20250129_133323_0880_00000057.bmp,.bmp,795,1100,L
IS20250129_164448_0641_00000058.bmp,.bmp,795,1100,L
IS20250129_164448_0729_00000059.bmp,.bmp,795,1100,L
IS20250129_164448_0797_0000005A.bmp,.bmp,795,1100,L
IS20250201_171558_0057_0000005B.bmp,.bmp,795,1100,L
IS20250201_171558_0141_0000005C.bmp,.bmp,795,1100,L
IS20250201_171638_0352_0000005D.bmp,.bmp,795,1100,L
IS20250203_133613_0525_00000060.bmp,.bmp,795,1100,L
IS20250203_133613_0589_00000061.bmp,.bmp,795,1100,L
IS20250203_133613_0645_00000062.bmp,.bmp,795,1100,L
IS20250204_193956_0774_00000069.bmp,.bmp,795,1100,L
IS20250204_193956_0854_0000006A.bmp,.bmp,795,1100,L
IS20250205_193520_0393_0000006B.bmp,.bmp,795,1100,L
IS20250205_194535_0637_0000006C.bmp,.bmp,795,1100,L
IS20250205_194535_0705_0000006D.bmp,.bmp,795,1100,L
IS20250206_114020_0934_0000006E.jpg,.jpg,795,1100,RGB
IS20250206_133219_0267_00000070.jpg,.jpg,795,1100,RGB
IS20250206_161718_0909_00000071.bmp,.bmp,795,1100,L
IS20250206_161816_0315_00000072.bmp,.bmp,795,1100,L
IS20250206_161847_0469_00000073.bmp,.bmp,795,1100,L
IS20250206_161921_0384_00000074.bmp,.bmp,795,1100,L
IS20250206_162058_0542_00000075.bmp,.bmp,795,1100,L
IS20250207_155515_0779_00000076.bmp,.bmp,795,1100,L
IS20250207_155515_0854_00000077.bmp,.bmp,795,1100,L
IS20250207_164338_0556_00000078.bmp,.bmp,795,1100,L
IS20250207_164338_0632_00000079.bmp,.bmp,795,1100,L
IS20250207_165058_0726_0000007A.bmp,.bmp,795,1100,L
IS20250207_173913_0154_0000007C.bmp,.bmp,795,1100,L
IS20250207_173913_0241_0000007D.bmp,.bmp,795,1100,L
IS20250207_174852_0880_0000007E.bmp,.bmp,795,1100,L
IS20250207_174852_0948_0000007F.bmp,.bmp,795,1100,L
IS20250207_175652_0068_00000080.bmp,.bmp,795,1100,L
IS20250207_175652_0150_00000081.bmp,.bmp,795,1100,L
IS20250207_175652_0222_00000082.bmp,.bmp,795,1100,L
IS20250207_180630_0270_00000083.bmp,.bmp,795,1100,L
IS20250207_180630_0376_00000084.bmp,.bmp,795,1100,L
IS20250207_180630_0440_00000085.bmp,.bmp,795,1100,L
IS20250208_194736_0641_00000086.bmp,.bmp,795,1100,L
IS20250210_115453_0394_00000087.bmp,.bmp,795,1100,L
IS20250210_122019_0609_00000088.bmp,.bmp,795,1100,L
IS20250210_122019_0692_00000089.bmp,.bmp,795,1100,L
IS20250210_142645_0801_00000096.bmp,.bmp,795,1100,L
IS20250210_144008_0924_00000097.jpg,.jpg,795,1100,RGB
IS20250211_145647_0929_0000009D.bmp,.bmp,795,1100,L
IS20250211_145648_0014_0000009E.bmp,.bmp,795,1100,L
IS20250212_140530_0054_0000009F.bmp,.bmp,795,1100,L
IS20250212_140530_0137_000000A0.bmp,.bmp,795,1100,L
IS20250212_140530_0194_000000A1.bmp,.bmp,795,1100,L
IS20250212_140530_0252_000000A2.bmp,.bmp,795,1100,L
IS20250212_174956_0411_000000A3.bmp,.bmp,795,1100,L
IS20250212_174956_0485_000000A4.bmp,.bmp,795,1100,L
IS20250212_183157_0577_000000A5.bmp,.bmp,795,1100,L
IS20250212_190140_0416_000000A6.bmp,.bmp,795,1100,L
IS20250213_115651_0369_000000A7.bmp,.bmp,795,1100,L
IS20250213_115651_0455_000000A8.bmp,.bmp,795,1100,L
IS20250213_115651_0522_000000A9.bmp,.bmp,795,1100,L
IS20250213_115651_0583_000000AA.bmp,.bmp,795,1100,L
IS20250215_180441_0108_000000B6.bmp,.bmp,795,1100,L
IS20250217_110855_0165_000000B7.bmp,.bmp,795,1100,L
IS20250217_191227_0454_000000B8.bmp,.bmp,795,1100,L
IS20250218_131041_0658_000000B9.bmp,.bmp,795,1100,L
IS20250218_131041_0748_000000BA.bmp,.bmp,795,1100,L
IS20250218_131041_0803_000000BB.bmp,.bmp,795,1100,L
IS20250218_131254_0583_000000BC.bmp,.bmp,795,1100,L
IS20250218_131559_0416_000000BD.bmp,.bmp,795,1100,L
IS20250218_131559_0491_000000BE.bmp,.bmp,795,1100,L
IS20250218_131559_0554_000000BF.bmp,.bmp,795,1100,L
IS20250221_130622_0166_000000C2.bmp,.bmp,795,1100,L
IS20250221_132438_0616_000000C3.bmp,.bmp,795,1100,L
IS20250221_132438_0695_000000C4.bmp,.bmp,795,1100,L
IS20250221_133005_0690_000000C5.bmp,.bmp,795,1100,L
IS20250221_133740_0269_000000C6.bmp,.bmp,795,1100,L
IS20250222_125817_0558_000000C7.bmp,.bmp,795,1100,L
IS20250222_125817_0671_000000C8.bmp,.bmp,795,1100,L
IS20250222_125817_0735_000000C9.bmp,.bmp,795,1100,L
IS20250222_125817_0805_000000CA.bmp,.bmp,795,1100,L
IS20250222_125817_0876_000000CB.bmp,.bmp,795,1100,L
IS20250225_140812_0835_000000CD.bmp,.bmp,795,1100,L
IS20250225_140812_0916_000000CE.bmp,.bmp,795,1100,L
IS20250225_140812_0987_000000CF.bmp,.bmp,795,1100,L
IS20250225_140813_0058_000000D0.bmp,.bmp,795,1100,L
IS20250225_140813_0130_000000D1.bmp,.bmp,795,1100,L
IS20250225_182225_0352_000000D2.jpg,.jpg,795,1100,RGB
IS20250226_120940_0710_000000D3.bmp,.bmp,795,1100,L
IS20250226_120940_0792_000000D4.bmp,.bmp,795,1100,L
IS20250226_120940_0842_000000D5.bmp,.bmp,795,1100,L
IS20250226_121320_0997_000000D6.bmp,.bmp,795,1100,L
IS20250226_123509_0033_000000D7.bmp,.bmp,795,1100,L
IS20250226_123509_0133_000000D8.bmp,.bmp,795,1100,L
IS20250304_121349_0485_000000DC.jpg,.jpg,795,1100,RGB
IS20250304_134351_0162_000000DD.jpg,.jpg,795,1100,RGB
IS20250304_174157_0586_000000DE.jpg,.jpg,795,1100,RGB
IS20250304_182258_0561_000000DF.bmp,.bmp,795,1100,L
IS20250304_182258_0654_000000E0.bmp,.bmp,795,1100,L
IS20250304_182258_0716_000000E1.bmp,.bmp,795,1100,L
IS20250304_182258_0778_000000E2.bmp,.bmp,795,1100,L
IS20250304_182258_0840_000000E3.bmp,.bmp,795,1100,L
IS20250304_184526_0038_000000E4.bmp,.bmp,795,1100,L
IS20250304_190519_0056_000000E5.bmp,.bmp,795,1100,L
IS20250304_190519_0137_000000E6.bmp,.bmp,795,1100,L
IS20250304_190519_0204_000000E7.bmp,.bmp,795,1100,L
IS20250304_190519_0272_000000E8.bmp,.bmp,795,1100,L
IS20250305_130359_0589_000000E9.bmp,.bmp,795,1100,L
IS20250305_130359_0673_000000EA.bmp,.bmp,795,1100,L
IS20250306_174748_0231_000000F5.bmp,.bmp,795,1100,L
IS20250306_174748_0311_000000F6.bmp,.bmp,795,1100,L
IS20250306_174748_0374_000000F7.bmp,.bmp,795,1100,L
IS20250306_174748_0433_000000F8.bmp,.bmp,795,1100,L
IS20250307_131331_0901_000000FA.bmp,.bmp,795,1100,L
IS20250307_132650_0318_000000FB.bmp,.bmp,795,1100,L
IS20250307_132650_0417_000000FC.bmp,.bmp,795,1100,L
IS20250313_130218_0247_00000113.bmp,.bmp,795,1100,L
IS20250313_130657_0724_00000114.bmp,.bmp,795,1100,L
IS20250315_124224_0439_0000011B.jpg,.jpg,795,1100,RGB
IS20250315_144144_0836_0000011C.bmp,.bmp,795,1100,L
IS20250315_144842_0854_0000011D.bmp,.bmp,795,1100,L
IS20250315_144842_0926_0000011E.bmp,.bmp,795,1100,L
IS20250315_144842_0990_0000011F.bmp,.bmp,795,1100,L
IS20250315_192850_0639_00000121.bmp,.bmp,795,1100,L
IS20250315_192850_0710_00000122.bmp,.bmp,795,1100,L
IS20250318_122847_0169_00000123.bmp,.bmp,795,1100,L
IS20250319_122609_0447_00000126.bmp,.bmp,795,1100,L
IS20250319_122609_0523_00000127.bmp,.bmp,795,1100,L
IS20250319_122609_0586_00000128.bmp,.bmp,795,1100,L
IS20250319_123124_0185_0000012A.bmp,.bmp,795,1100,L
IS20250319_123938_0975_0000012B.bmp,.bmp,795,1100,L
IS20250319_123939_0074_0000012C.bmp,.bmp,795,1100,L
IS20250319_123939_0150_0000012D.bmp,.bmp,795,1100,L
IS20250319_124750_0107_0000012E.bmp,.bmp,795,1100,L
IS20250319_124750_0177_0000012F.bmp,.bmp,795,1100,L
IS20250319_132006_0233_00000130.bmp,.bmp,795,1100,L
IS20250319_132006_0315_00000131.bmp,.bmp,795,1100,L
IS20250319_132006_0376_00000132.bmp,.bmp,795,1100,L
IS20250319_132006_0448_00000133.bmp,.bmp,795,1100,L
IS20250319_132006_0526_00000134.bmp,.bmp,795,1100,L
IS20250319_132006_0585_00000135.bmp,.bmp,795,1100,L
IS20250319_132006_0661_00000136.bmp,.bmp,795,1100,L
IS20250319_132006_0724_00000137.bmp,.bmp,795,1100,L
IS20250319_135243_0889_00000138.bmp,.bmp,795,1100,L
IS20250319_135243_0960_00000139.bmp,.bmp,795,1100,L
IS20250319_140939_0714_0000013A.bmp,.bmp,795,1100,L
IS20250321_121700_0284_00000140.bmp,.bmp,795,1100,L
IS20250321_122257_0482_00000141.bmp,.bmp,795,1100,L
IS20250321_125135_0241_00000142.bmp,.bmp,795,1100,L
IS20250321_125135_0349_00000143.bmp,.bmp,795,1100,L
IS20250321_125135_0443_00000144.bmp,.bmp,795,1100,L
IS20250324_134911_0516_0000014B.jpg,.jpg,795,1100,RGB
IS20250325_143649_0166_0000014D.bmp,.bmp,795,1100,L
IS20250325_143754_0916_0000014E.bmp,.bmp,795,1100,L
IS20250325_144530_0132_0000014F.bmp,.bmp,795,1100,L
IS20250325_144530_0217_00000150.bmp,.bmp,795,1100,L
IS20250325_144530_0278_00000151.bmp,.bmp,795,1100,L
IS20250325_145814_0618_00000152.bmp,.bmp,795,1100,L
IS20250325_145814_0706_00000153.bmp,.bmp,795,1100,L
IS20250325_145814_0773_00000154.bmp,.bmp,795,1100,L
IS20250325_145814_0835_00000155.bmp,.bmp,795,1100,L
IS20250325_145814_0898_00000156.bmp,.bmp,795,1100,L
IS20250325_145814_0971_00000157.bmp,.bmp,795,1100,L
IS20250325_150828_0957_0000015A.bmp,.bmp,795,1100,L
IS20250325_150829_0033_0000015B.bmp,.bmp,795,1100,L
IS20250325_150829_0106_0000015C.bmp,.bmp,795,1100,L
IS20250325_150829_0170_0000015D.bmp,.bmp,795,1100,L
IS20250331_143102_0478_00000168.bmp,.bmp,795,1100,L
IS20250331_143304_0545_00000169.bmp,.bmp,795,1100,L
IS20250331_143653_0249_0000016A.bmp,.bmp,795,1100,L
IS20250331_155633_0151_0000016B.bmp,.bmp,795,1100,L
IS20250331_161755_0692_0000016C.bmp,.bmp,795,1100,L
IS20250405_124908_0967_00000179.jpg,.jpg,795,1100,RGB
IS20250405_151432_0073_0000017A.bmp,.bmp,795,1100,L
IS20250405_151807_0240_0000017B.bmp,.bmp,795,1100,L
IS20250409_190356_0833_00000189.bmp,.bmp,795,1100,L
IS20250409_190356_0921_0000018A.bmp,.bmp,795,1100,L
IS20250409_190356_0974_0000018B.bmp,.bmp,795,1100,L
IS20250409_190357_0039_0000018C.bmp,.bmp,795,1100,L
IS20250410_102914_0725_0000018D.jpg,.jpg,795,1100,RGB
IS20250410_133955_0868_00000191.bmp,.bmp,795,1100,L
IS20250410_135448_0309_00000192.bmp,.bmp,795,1100,L
IS20250410_135448_0394_00000193.bmp,.bmp,795,1100,L
IS20250410_135448_0464_00000194.bmp,.bmp,795,1100,L
IS20250410_140612_0598_00000195.bmp,.bmp,795,1100,L
IS20250411_124424_0738_00000196.bmp,.bmp,795,1100,L
IS20250411_124424_0824_00000197.bmp,.bmp,795,1100,L
IS20250411_125720_0344_00000198.bmp,.bmp,795,1100,L
IS20250411_142842_0747_00000199.bmp,.bmp,795,1100,L
IS20250411_142920_0753_0000019A.bmp,.bmp,795,1100,L
IS20250411_143237_0159_0000019B.bmp,.bmp,795,1100,L
IS20250411_144140_0701_0000019C.bmp,.bmp,795,1100,L
IS20250411_144407_0425_0000019D.bmp,.bmp,795,1100,L
IS20250411_150447_0408_0000019E.jpg,.jpg,795,1100,RGB
IS20250412_151613_0492_000001A0.bmp,.bmp,795,1100,L
IS20250412_151613_0577_000001A1.bmp,.bmp,795,1100,L
IS20250412_151613_0627_000001A2.bmp,.bmp,795,1100,L
IS20250412_151613_0688_000001A3.bmp,.bmp,795,1100,L
IS20250412_192516_0799_000001A4.bmp,.bmp,795,1100,L
IS20250417_160126_0498_000001B0.bmp,.bmp,795,1100,L
IS20250417_160344_0351_000001B1.bmp,.bmp,795,1100,L
IS20250417_160344_0437_000001B2.bmp,.bmp,795,1100,L
IS20250417_160344_0489_000001B3.bmp,.bmp,795,1100,L
IS20250418_115425_0456_000001B4.bmp,.bmp,795,1100,L
IS20250418_120739_0921_000001B5.bmp,.bmp,795,1100,L
IS20250418_120739_0997_000001B6.bmp,.bmp,795,1100,L
IS20250422_114346_0639_000001C4.bmp,.bmp,795,1100,L
IS20250422_114346_0733_000001C5.bmp,.bmp,795,1100,L
IS20250422_114346_0807_000001C6.bmp,.bmp,795,1100,L
IS20250422_114346_0876_000001C7.bmp,.bmp,795,1100,L
IS20250422_114346_0949_000001C8.bmp,.bmp,795,1100,L
IS20250422_135811_0674_000001CA.bmp,.bmp,795,1100,L
IS20250422_135811_0776_000001CB.bmp,.bmp,795,1100,L
IS20250423_102602_0691_000001CC.bmp,.bmp,795,1100,L
IS20250423_103146_0562_000001CD.bmp,.bmp,795,1100,L
IS20250424_181038_0535_000001CE.bmp,.bmp,795,1100,L
IS20250424_183019_0665_000001CF.bmp,.bmp,795,1100,L
IS20250424_183019_0738_000001D0.bmp,.bmp,795,1100,L
IS20250424_183019_0791_000001D1.bmp,.bmp,795,1100,L
IS20250424_183019_0862_000001D2.bmp,.bmp,795,1100,L
IS20250424_183019_0920_000001D3.bmp,.bmp,795,1100,L
IS20250424_183019_0989_000001D4.bmp,.bmp,795,1100,L
IS20250424_183020_0048_000001D5.bmp,.bmp,795,1100,L
IS20250424_184019_0031_000001D6.bmp,.bmp,795,1100,L
IS20250424_184019_0108_000001D7.bmp,.bmp,795,1100,L
IS20250424_184735_0323_000001D8.bmp,.bmp,795,1100,L
IS20250425_115441_0789_000001D9.jpg,.jpg,795,1100,RGB
IS20250425_122512_0239_000001DA.bmp,.bmp,795,1100,L
IS20250425_122512_0318_000001DB.bmp,.bmp,795,1100,L
IS20250426_110953_0176_000001DC.jpg,.jpg,795,1100,RGB
IS20250430_183837_0871_000001E0.jpg,.jpg,795,1100,RGB
IS20250430_191043_0807_000001E1.bmp,.bmp,795,1100,L
IS20250430_191043_0890_000001E2.bmp,.bmp,795,1100,L
IS20250430_191043_0952_000001E3.bmp,.bmp,795,1100,L
IS20250501_121358_0893_000001EC.bmp,.bmp,795,1100,L
IS20250501_121358_0999_000001ED.bmp,.bmp,795,1100,L
IS20250501_121359_0063_000001EE.bmp,.bmp,795,1100,L
IS20250503_105242_0876_000001F1.bmp,.bmp,795,1100,L
IS20250503_105242_0954_000001F2.bmp,.bmp,795,1100,L
IS20250503_113323_0516_000001F3.bmp,.bmp,795,1100,L
IS20250508_123309_0475_000001FF.jpg,.jpg,795,1100,RGB
IS20250508_172036_0358_00000200.bmp,.bmp,795,1100,L
IS20250509_194116_0574_0000020B.jpg,.jpg,795,1100,RGB
IS20250512_132519_0381_00000212.jpg,.jpg,795,1100,RGB
IS20250512_190645_0297_00000213.bmp,.bmp,795,1100,L
IS20250512_190645_0399_00000214.bmp,.bmp,795,1100,L
IS20250512_190645_0462_00000215.bmp,.bmp,795,1100,L
IS20250514_125457_0295_0000021D.jpg,.jpg,795,1100,RGB
IS20250515_180700_0961_00000222.bmp,.bmp,795,1100,L
IS20250515_180934_0643_00000223.bmp,.bmp,795,1100,L
IS20250515_180937_0610_00000224.bmp,.bmp,795,1100,L
IS20250515_195504_0010_00000226.jpg,.jpg,795,1100,RGB
IS20250516_132524_0060_00000227.jpg,.jpg,795,1100,RGB
IS20250519_150438_0192_0000022C.bmp,.bmp,795,1100,L
IS20250519_150438_0290_0000022D.bmp,.bmp,795,1100,L
IS20250519_151214_0975_0000022E.bmp,.bmp,795,1100,L
IS20250519_160104_0164_0000022F.bmp,.bmp,795,1100,L
IS20250519_160727_0266_00000230.bmp,.bmp,795,1100,L
IS20250519_160727_0355_00000231.bmp,.bmp,795,1100,L
IS20250520_201938_0710_00000235.bmp,.bmp,795,1100,L
IS20250526_115001_0764_00000236.bmp,.bmp,795,1100,L
IS20250526_115001_0856_00000237.bmp,.bmp,795,1100,L
IS20250526_120102_0492_00000238.bmp,.bmp,795,1100,L
IS20250526_132147_0851_0000023B.bmp,.bmp,795,1100,L
IS20250526_135255_0167_0000023C.bmp,.bmp,795,1100,L
IS20250529_132109_0923_00000241.bmp,.bmp,795,1100,L
IS20250529_132110_0018_00000242.bmp,.bmp,795,1100,L
IS20250529_132949_0740_00000243.bmp,.bmp,795,1100,L
IS20250610_193400_0132_0000024F.bmp,.bmp,795,1100,L
IS20250610_193939_0895_00000250.bmp,.bmp,795,1100,L
IS20250610_193939_0968_00000251.bmp,.bmp,795,1100,L
IS20250611_113144_0439_00000252.bmp,.bmp,795,1100,L
IS20250611_113144_0543_00000253.bmp,.bmp,795,1100,L
IS20250611_120349_0285_00000254.bmp,.bmp,795,1100,L
IS20250612_175455_0622_00000259.bmp,.bmp,795,1100,L
IS20250612_175455_0707_0000025A.bmp,.bmp,795,1100,L
IS20250614_113002_0444_0000025B.bmp,.bmp,795,1100,L
IS20250614_113546_0941_0000025C.bmp,.bmp,795,1100,L
IS20250614_115225_0500_0000025D.bmp,.bmp,795,1100,L
IS20250614_121739_0154_0000025E.bmp,.bmp,795,1100,L
IS20250614_121904_0274_0000025F.bmp,.bmp,795,1100,L
IS20250614_142350_0652_00000260.bmp,.bmp,795,1100,L
IS20250614_142350_0720_00000261.bmp,.bmp,795,1100,L
IS20250616_110118_0025_00000262.bmp,.bmp,795,1100,L
IS20250616_123054_0753_00000263.bmp,.bmp,795,1100,L
IS20250616_123054_0833_00000264.bmp,.bmp,795,1100,L
IS20250616_123054_0886_00000265.bmp,.bmp,795,1100,L
IS20250616_175701_0841_00000268.bmp,.bmp,795,1100,L
IS20250616_181614_0776_00000269.bmp,.bmp,795,1100,L
IS20250617_181005_0988_0000026F.bmp,.bmp,795,1100,L
IS20250617_181006_0121_00000270.bmp,.bmp,795,1100,L
IS20250619_185343_0988_00000275.bmp,.bmp,795,1100,L
IS20250619_185344_0087_00000276.bmp,.bmp,795,1100,L
IS20250620_170814_0493_00000277.bmp,.bmp,795,1100,L
IS20250620_194259_0754_00000279.bmp,.bmp,795,1100,L
IS20250620_194827_0530_0000027A.bmp,.bmp,795,1100,L
IS20250621_132510_0448_0000027B.bmp,.bmp,795,1100,L
IS20250621_132510_0562_0000027C.bmp,.bmp,795,1100,L
IS20250625_185044_0404_00000281.jpg,.jpg,795,1100,RGB
IS20250626_172733_0775_00000282.jpg,.jpg,795,1100,RGB
IS20250626_183339_0069_00000283.bmp,.bmp,795,1100,L
IS20250626_183339_0136_00000284.bmp,.bmp,795,1100,L
IS20250626_183339_0199_00000285.bmp,.bmp,795,1100,L
IS20250626_183339_0257_00000286.bmp,.bmp,795,1100,L
IS20250626_183339_0326_00000287.bmp,.bmp,795,1100,L
IS20250626_183339_0385_00000288.bmp,.bmp,795,1100,L
IS20250626_184543_0890_00000289.bmp,.bmp,795,1100,L
IS20250626_184543_0976_0000028A.bmp,.bmp,795,1100,L
IS20250626_184544_0041_0000028B.bmp,.bmp,795,1100,L
IS20250628_145100_0549_0000028D.jpg,.jpg,795,1100,RGB
IS20250701_153247_0296_0000028E.bmp,.bmp,795,1100,L
IS20250701_153247_0397_0000028F.bmp,.bmp,795,1100,L
IS20250701_153247_0448_00000290.bmp,.bmp,795,1100,L
IS20250701_155059_0083_00000291.bmp,.bmp,795,1100,L
IS20250701_155059_0165_00000292.bmp,.bmp,795,1100,L
IS20250701_155059_0228_00000293.bmp,.bmp,795,1100,L
IS20250701_155059_0292_00000294.bmp,.bmp,795,1100,L
IS20250702_121849_0709_00000295.bmp,.bmp,795,1100,L
IS20250702_191329_0155_00000298.bmp,.bmp,795,1100,L
IS20250702_191329_0242_00000299.bmp,.bmp,795,1100,L
IS20250702_192516_0487_0000029A.bmp,.bmp,795,1100,L
IS20250702_192516_0583_0000029B.bmp,.bmp,795,1100,L
IS20250702_192516_0654_0000029C.bmp,.bmp,795,1100,L
IS20250703_192232_0754_0000029D.bmp,.bmp,795,1100,L
IS20250707_141238_0098_0000029E.bmp,.bmp,795,1100,L
IS20250707_141238_0224_0000029F.bmp,.bmp,795,1100,L
IS20250707_144239_0541_000002A0.bmp,.bmp,795,1100,L
IS20250707_145252_0764_000002A1.bmp,.bmp,795,1100,L
IS20250707_145432_0171_000002A2.bmp,.bmp,795,1100,L
IS20250707_145432_0250_000002A3.bmp,.bmp,795,1100,L
IS20250707_192805_0299_000002A4.jpg,.jpg,795,1100,RGB
IS20250707_195758_0900_000002A5.bmp,.bmp,795,1100,L
IS20250707_195758_0962_000002A6.bmp,.bmp,795,1100,L
IS20250708_121351_0359_000002AB.bmp,.bmp,795,1100,L
IS20250708_121351_0448_000002AC.bmp,.bmp,795,1100,L
IS20250708_141239_0400_000002AD.jpg,.jpg,795,1100,RGB
IS20250711_122525_0078_000002AE.bmp,.bmp,795,1100,L
IS20250714_112403_0964_000002B0.jpg,.jpg,795,1100,RGB
IS20250714_122522_0483_000002B1.bmp,.bmp,795,1100,L
IS20250714_125439_0054_000002B2.bmp,.bmp,795,1100,L
IS20250714_130247_0634_000002B3.bmp,.bmp,795,1100,L
IS20250715_130321_0909_000002B4.bmp,.bmp,795,1100,L
IS20250715_130321_0994_000002B5.bmp,.bmp,795,1100,L
IS20250715_130322_0044_000002B6.bmp,.bmp,795,1100,L
IS20250715_130322_0115_000002B7.bmp,.bmp,795,1100,L
IS20250715_130322_0173_000002B8.bmp,.bmp,795,1100,L
IS20250715_131854_0904_000002B9.bmp,.bmp,795,1100,L
IS20250715_131854_0983_000002BA.bmp,.bmp,795,1100,L
IS20250715_195328_0753_000002BB.jpg,.jpg,795,1100,RGB
IS20250716_143945_0093_000002BC.bmp,.bmp,795,1100,L
IS20250716_145434_0564_000002BD.bmp,.bmp,795,1100,L
IS20250716_151353_0307_000002BE.bmp,.bmp,795,1100,L
IS20250716_180013_0283_000002BF.bmp,.bmp,795,1100,L
IS20250716_180631_0134_000002C0.bmp,.bmp,795,1100,L
IS20250717_185800_0806_000002C1.bmp,.bmp,795,1100,L
IS20250722_124327_0691_000002C2.bmp,.bmp,795,1100,L
IS20250722_124327_0802_000002C3.bmp,.bmp,795,1100,L
IS20250722_131045_0718_000002C4.bmp,.bmp,795,1100,L
IS20250722_131136_0928_000002C5.bmp,.bmp,795,1100,L
IS20250722_131756_0892_000002C6.bmp,.bmp,795,1100,L
IS20250724_190703_0911_000002CA.bmp,.bmp,795,1100,L
IS20250724_190704_0012_000002CB.bmp,.bmp,795,1100,L
IS20250725_150531_0322_000002CC.bmp,.bmp,795,1100,L
IS20250728_110956_0223_000002CF.bmp,.bmp,795,1100,L
IS20250728_110956_0223_000002CF.jpg,.jpg,795,1100,RGB
IS20250728_110956_0326_000002D0.bmp,.bmp,795,1100,L
IS20250728_121456_0848_000002D1.bmp,.bmp,795,1100,L
IS20250728_121456_0926_000002D2.bmp,.bmp,795,1100,L
IS20250730_120910_0571_000002D8.bmp,.bmp,795,1100,L
IS20250730_121413_0422_000002D9.bmp,.bmp,795,1100,L
IS20250730_121413_0500_000002DA.bmp,.bmp,795,1100,L
IS20250731_125144_0476_000002DB.jpg,.jpg,795,1100,RGB
IS20250805_125532_0438_000002DD.jpg,.jpg,795,1100,RGB
IS20250805_190732_0650_000002DE.bmp,.bmp,795,1100,L
IS20250805_190732_0728_000002DF.bmp,.bmp,795,1100,L
IS20250806_125133_0843_000002E0.bmp,.bmp,795,1100,L
IS20250806_125133_0941_000002E1.bmp,.bmp,795,1100,L
IS20250806_192305_0983_000002EA.bmp,.bmp,795,1100,L
IS20250806_192306_0083_000002EB.bmp,.bmp,795,1100,L
IS20250806_193216_0081_000002EC.bmp,.bmp,795,1100,L
IS20250806_193216_0158_000002ED.bmp,.bmp,795,1100,L
IS20250806_193216_0218_000002EE.bmp,.bmp,795,1100,L
IS20250807_113116_0019_000002EF.jpg,.jpg,795,1100,RGB
IS20250807_122427_0182_000002F0.jpg,.jpg,795,1100,RGB
IS20250809_143948_0525_000002F1.bmp,.bmp,795,1100,L
IS20250811_125249_0765_000002F4.bmp,.bmp,795,1100,L
IS20250813_173323_0893_000002FC.bmp,.bmp,795,1100,L
IS20250813_181458_0245_000002FD.bmp,.bmp,795,1100,L
IS20250813_181458_0323_000002FE.bmp,.bmp,795,1100,L
IS20250813_181458_0389_000002FF.bmp,.bmp,795,1100,L
IS20250815_111915_0168_00000300.bmp,.bmp,795,1100,L
IS20250815_111915_0298_00000301.bmp,.bmp,795,1100,L
IS20250815_125004_0923_00000302.jpg,.jpg,795,1100,RGB
IS20250816_181623_0000_00000305.bmp,.bmp,795,1100,L
IS20250819_120321_0524_00000306.bmp,.bmp,795,1100,L
IS20250819_122129_0522_00000307.bmp,.bmp,795,1100,L
IS20250819_122129_0606_00000308.bmp,.bmp,795,1100,L
IS20250819_122129_0681_00000309.bmp,.bmp,795,1100,L
IS20250819_122129_0752_0000030A.bmp,.bmp,795,1100,L
IS20250819_184350_0960_00000313.bmp,.bmp,795,1100,L
IS20250819_184351_0050_00000314.bmp,.bmp,795,1100,L
IS20250819_190111_0923_00000315.bmp,.bmp,795,1100,L
IS20250819_194624_0498_00000316.bmp,.bmp,795,1100,L
IS20250819_194624_0605_00000317.bmp,.bmp,795,1100,L
IS20250819_195139_0679_00000318.bmp,.bmp,795,1100,L
IS20250824_115056_0820_00000321.bmp,.bmp,795,1100,L
IS20250825_161952_0903_00000325.bmp,.bmp,795,1100,L
IS20250825_163358_0107_00000326.bmp,.bmp,795,1100,L
IS20250825_164242_0526_00000327.bmp,.bmp,795,1100,L
IS20250826_180644_0506_0000032F.bmp,.bmp,795,1100,L
IS20250826_181407_0576_00000330.bmp,.bmp,795,1100,L
IS20250826_181407_0677_00000331.bmp,.bmp,795,1100,L
IS20250826_194500_0160_00000332.jpg,.jpg,795,1100,RGB
IS20250828_121538_0916_00000334.bmp,.bmp,795,1100,L
IS20250828_121539_0012_00000335.bmp,.bmp,795,1100,L
IS20250828_122102_0501_00000336.bmp,.bmp,795,1100,L
IS20250828_122621_0027_00000337.bmp,.bmp,795,1100,L
IS20250828_124147_0047_00000338.bmp,.bmp,795,1100,L
IS20250828_124147_0152_00000339.bmp,.bmp,795,1100,L
IS20250828_124700_0920_0000033A.bmp,.bmp,795,1100,L
IS20250828_124700_0995_0000033B.bmp,.bmp,795,1100,L
IS20250828_124701_0064_0000033C.bmp,.bmp,795,1100,L
IS20250828_191802_0932_00000343.bmp,.bmp,795,1100,L
IS20250828_191803_0013_00000344.bmp,.bmp,795,1100,L
IS20250830_195448_0722_00000349.bmp,.bmp,795,1100,L
IS20250830_195836_0917_0000034A.bmp,.bmp,795,1100,L
IS20250831_131841_0130_0000034B.jpg,.jpg,795,1100,RGB
IS20250831_142405_0813_0000034C.bmp,.bmp,795,1100,L
IS20250831_142526_0070_0000034D.bmp,.bmp,795,1100,L
IS20250902_124955_0453_0000034E.jpg,.jpg,795,1100,RGB
IS20250903_184306_0466_0000034F.bmp,.bmp,795,1100,L
IS20250904_122844_0628_00000353.bmp,.bmp,795,1100,L
IS20250904_125846_0372_00000354.bmp,.bmp,795,1100,L
IS20250904_130452_0900_00000355.bmp,.bmp,795,1100,L
IS20250904_184550_0254_00000357.bmp,.bmp,795,1100,L
IS20250905_113446_0027_00000358.bmp,.bmp,795,1100,L
IS20250905_113730_0224_00000359.bmp,.bmp,795,1100,L
IS20250905_122739_0936_0000035B.jpg,.jpg,795,1100,RGB
IS20250908_113233_0993_0000035C.bmp,.bmp,795,1100,L
IS20250908_113234_0091_0000035D.bmp,.bmp,795,1100,L
IS20250908_114810_0281_0000035E.bmp,.bmp,795,1100,L
IS20250909_134711_0530_0000035F.bmp,.bmp,795,1100,L
IS20250909_134711_0623_00000360.bmp,.bmp,795,1100,L
IS20250909_134711_0696_00000361.bmp,.bmp,795,1100,L
IS20250910_135409_0990_00000368.jpg,.jpg,795,1100,RGB
IS20250911_120705_0842_0000036C.bmp,.bmp,795,1100,L
IS20250911_182854_0250_0000036D.bmp,.bmp,795,1100,L
IS20250911_182854_0359_0000036E.bmp,.bmp,795,1100,L
IS20250911_184036_0884_0000036F.bmp,.bmp,795,1100,L
IS20250911_185942_0080_00000370.jpg,.jpg,795,1100,RGB
IS20250915_155346_0131_00000375.bmp,.bmp,795,1100,L
IS20250915_155732_0547_00000376.bmp,.bmp,795,1100,L
IS20250917_111646_0113_0000037F.bmp,.bmp,795,1100,L
IS20250917_175828_0600_00000385.bmp,.bmp,795,1100,L
IS20250917_180805_0805_00000386.bmp,.bmp,795,1100,L
IS20250929_175919_0303_000003A7.jpg,.jpg,795,1100,RGB
IS20251003_111642_0264_000003B6.bmp,.bmp,795,1100,L
IS20251003_111642_0368_000003B7.bmp,.bmp,795,1100,L
IS20251003_160835_0747_000003BB.bmp,.bmp,795,1100,L
IS20251003_160951_0269_000003BC.bmp,.bmp,795,1100,L
IS20251004_152132_0188_000003C3.jpg,.jpg,795,1100,RGB
IS20251006_105248_0141_000003C4.bmp,.bmp,795,1100,L
IS20251006_105248_0246_000003C5.bmp,.bmp,795,1100,L
IS20251006_110213_0572_000003C6.bmp,.bmp,795,1100,L
IS20251007_190416_0795_000003CA.bmp,.bmp,795,1100,L
IS20251007_190416_0875_000003CB.bmp,.bmp,795,1100,L
IS20251007_190416_0926_000003CC.bmp,.bmp,795,1100,L
IS20251007_190416_0996_000003CD.bmp,.bmp,795,1100,L
IS20251007_190417_0057_000003CE.bmp,.bmp,795,1100,L
IS20251007_190417_0117_000003CF.bmp,.bmp,795,1100,L
IS20251017_170108_0306_000003EF.bmp,.bmp,795,1100,L
IS20251017_170202_0949_000003F0.bmp,.bmp,795,1100,L
IS20251017_173558_0122_000003F3.bmp,.bmp,795,1100,L
IS20251017_174406_0409_000003F4.bmp,.bmp,795,1100,L
IS20251017_175520_0375_000003F5.bmp,.bmp,795,1100,L
IS20251017_180253_0650_000003F6.bmp,.bmp,795,1100,L
IS20251027_142005_0522_00000411.jpg,.jpg,795,1100,RGB
IS20251028_145112_0638_00000413.bmp,.bmp,795,1100,L
IS20251028_145802_0927_00000414.bmp,.bmp,795,1100,L
IS20251028_145802_0927_00000414.jpg,.jpg,795,1100,RGB
